j,p,s,o,o1,f,,,,,,,,EDIT,
Věra,Adámková,ANO,NEVÍM,"Neznám celý materiál. Nevím, jak je formulován.",https://www.psp.cz/eknih/cdrom/2017ps/eknih/2017ps/poslanci/i6254.jpg,,,,,,,,ok,
Andrej,Babiš,ANO,,,https://www.psp.cz/eknih/cdrom/2017ps/eknih/2017ps/poslanci/i6150.jpg,,,,,,,,,
Andrea,Babišová,ANO,,,https://www.psp.cz/eknih/cdrom/2017ps/eknih/2017ps/poslanci/i6428.jpg,,,,,,,,,
Ondřej,Babka,ANO,NE,"Během hlasování o návrhu k ústavní žalobě na prezidenta budu velice pravděpodobně hlasovat proti, jelikož onu žalobu nepokládám za řádně opodstatněnou.",http://www.psp.cz/eknih/cdrom/2017ps/eknih/2017ps/poslanci/i6623.jpg,,,,,,,,ok,
Margita,Balaštiková,ANO,,,https://www.psp.cz/eknih/cdrom/2017ps/eknih/2017ps/poslanci/i6177.jpg,,,,,,,,,
Josef,Bělica,ANO,,,https://www.psp.cz/eknih/cdrom/2017ps/eknih/2017ps/poslanci/i6437.jpg,,,,,,,,,
Stanislav,Berkovec,ANO,,,https://www.psp.cz/eknih/cdrom/2017ps/eknih/2017ps/poslanci/i6143.jpg,,,,,,,,,
Jiří,Bláha,ANO,,,https://www.psp.cz/eknih/cdrom/2017ps/eknih/2017ps/poslanci/i6439.jpg,,,,,,,,,
Richard,Brabec,ANO,,,https://www.psp.cz/eknih/cdrom/2017ps/eknih/2017ps/poslanci/i6184.jpg,,,,,,,,,
Milan,Brázdil,ANO,,,https://www.psp.cz/eknih/cdrom/2017ps/eknih/2017ps/poslanci/i6185.jpg,,,,,,,,,
Andrea,Brzobohatá,ANO,NE,Určitě ne.,https://www.psp.cz/eknih/cdrom/2017ps/eknih/2017ps/poslanci/i6434.jpg,,,,,,,,ok,
Jaroslav,Bžoch,ANO,,,https://www.psp.cz/eknih/cdrom/2017ps/eknih/2017ps/poslanci/i6441.jpg,,,,,,,,,
Monika,Červíčková,ANO,,,http://www.psp.cz/eknih/cdrom/2017ps/eknih/2017ps/poslanci/i6580.jpg,,,,,,,,,
Klára,Dostálová,ANO,,,https://www.psp.cz/eknih/cdrom/2017ps/eknih/2017ps/poslanci/i6430.jpg,,,,,,,,,
Lenka,Dražilová,ANO,NE,Nepodpořím.,https://www.psp.cz/eknih/cdrom/2017ps/eknih/2017ps/poslanci/i6431.jpg,,,,,,,,ok,
Jaroslav,Faltýnek,ANO,NE,"Já to rozhodně nepodpořím a předpokládám, že ani náš klub. Až to bude na stole, tak to budeme řešit.",https://www.psp.cz/eknih/cdrom/2017ps/eknih/2017ps/poslanci/i6190.jpg,,,,,,,,ok,
Kamal,Farhan,ANO,,,https://www.psp.cz/eknih/cdrom/2017ps/eknih/2017ps/poslanci/i6447.jpg,,,,,,,,,
Milan,Feranec,ANO,NE,"Nepodpořím, neboť ji vnímám jako politické gesto.",https://www.psp.cz/eknih/cdrom/2017ps/eknih/2017ps/poslanci/i6448.jpg,,,,,,,,ok,
Eva,Fialová,ANO,,,https://www.psp.cz/eknih/cdrom/2017ps/eknih/2017ps/poslanci/i6457.jpg,,,,,,,,,
Stanislav,Fridrich,ANO,NE,Já rozhodně návrh nepodpořím. Ústava dle mého mínění není v tomto bodě jednoznačná a panu prezidentovi tyto možnosti dává.,https://www.psp.cz/eknih/cdrom/2017ps/eknih/2017ps/poslanci/i6451.jpg,,,,,,,,ok,
Josef,Hájek,ANO,NE,Návrh nepodpořím.,https://www.psp.cz/eknih/cdrom/2017ps/eknih/2017ps/poslanci/i6139.jpg,,,,,,,,ok,
Milan,Hnilička,ANO,,,http://www.psp.cz/eknih/cdrom/2017ps/eknih/2017ps/poslanci/i6453.jpg,,,,,,,,,
Ivan,Jáč,ANO,,,https://www.psp.cz/eknih/cdrom/2017ps/eknih/2017ps/poslanci/i6458.jpg,,,,,,,,,
Miloslav,Janulík,ANO,NE,Ne.,https://www.psp.cz/eknih/cdrom/2017ps/eknih/2017ps/poslanci/i6201.jpg,,,,,,,,ok,
Aleš,Juchelka,ANO,,,https://www.psp.cz/eknih/cdrom/2017ps/eknih/2017ps/poslanci/i6463.jpg,,,,,,,,,
Pavel,Juříček,ANO,,,https://www.psp.cz/eknih/cdrom/2017ps/eknih/2017ps/poslanci/i6496.jpg,,,,,,,,,
Adam,Kalous,ANO,NEVÍM,"S textem návrhu jsem se ještě neměl možnost seznámit, jsem na dovolené. Myslím, že času na vyjádření bude dost.",https://www.psp.cz/eknih/cdrom/2017ps/eknih/2017ps/poslanci/i6497.jpg,,,,,,,,ok,
David,Kasal,ANO,NE,Tento návrh nepodpořím.,https://www.psp.cz/eknih/cdrom/2017ps/eknih/2017ps/poslanci/i6209.jpg,,,,,,,,ok,
Iva,Kalátová,ANO,,,http://www.psp.cz/eknih/cdrom/2017ps/eknih/2017ps/poslanci/i6619.jpg,,,,,,,,,
Tomáš,Kohoutek,ANO,,,https://www.psp.cz/eknih/cdrom/2017ps/eknih/2017ps/poslanci/i6506.jpg,,,,,,,,,
Martin,Kolovratník,ANO,,,https://www.psp.cz/eknih/cdrom/2017ps/eknih/2017ps/poslanci/i6211.jpg,,,,,,,,,
Barbora,Kořanová,ANO,NE,"Návrh na podání ústavní žaloby nepodpořím, a to z toho důvodu, že vždy preferuji cestu dohody před soudními spory. Je zcela evidentní, že současné složení Senátu je jasně naladěno proti prezidentu republiky, a jde jim tedy spíše o zviditelnění a „demonstraci síly“. Senátor Láska, který žalobu inicioval, bude navíc za rok v Praze obhajovat mandát a jistě si uvědomuje, že jako „Antizeman“ má v Praze šance vyšší.",https://www.psp.cz/eknih/cdrom/2017ps/eknih/2017ps/poslanci/i6464.jpg,,,,,,,,ok,
Josef,Kott,ANO,,,https://www.psp.cz/eknih/cdrom/2017ps/eknih/2017ps/poslanci/i6246.jpg,,,,,,,,,
Robert,Králíček,ANO,,,https://www.psp.cz/eknih/cdrom/2017ps/eknih/2017ps/poslanci/i6509.jpg,,,,,,,,,
Roman,Kubíček,ANO,,,https://www.psp.cz/eknih/cdrom/2017ps/eknih/2017ps/poslanci/i6215.jpg,,,,,,,,,
Jan,Kubík,ANO,,,https://www.psp.cz/eknih/cdrom/2017ps/eknih/2017ps/poslanci/i6511.jpg,,,,,,,,,
Jaroslav,Kytýr,ANO,,,https://www.psp.cz/eknih/cdrom/2017ps/eknih/2017ps/poslanci/i6512.jpg,,,,,,,,,
Taťána,Malá,ANO,NE,Nepodpořím.,https://www.psp.cz/eknih/cdrom/2017ps/eknih/2017ps/poslanci/i6468.jpg,,,,,,,,ok,
Přemysl,Mališ,ANO,,,https://www.psp.cz/eknih/cdrom/2017ps/eknih/2017ps/poslanci/i6536.jpg,,,,,,,,,
Jiří,Mašek,ANO,,,https://www.psp.cz/eknih/cdrom/2017ps/eknih/2017ps/poslanci/i6534.jpg,,,,,,,,,
Eva,Matyášová,ANO,,,https://www.psp.cz/eknih/cdrom/2017ps/eknih/2017ps/poslanci/i6540.jpg,,,,,,,,,
Marcela,Melková,ANO,,,https://www.psp.cz/eknih/cdrom/2017ps/eknih/2017ps/poslanci/i6476.jpg,,,,,,,,,
Jana,Mračková Vildumetzová,ANO,,,http://www.psp.cz/eknih/cdrom/2017ps/eknih/2017ps/poslanci/i6471.jpg,,,,,,,,,
Patrik,Nacher,za ANO,NEVÍM,"Nejprve bych se chtěl důkladně seznámit se zněním ústavní žaloby a se všemi podklady. Stejně tak by mě zajímalo, proč senátoři o této věci jednali neveřejně. Nemohu se zbavit dojmu, jakkoli s řadou kroků prezidenta nesouhlasím, že se tu už od roku 2013 vede permanentní prezidentská kampaň, a to těch, kteří jsou nespokojeni s výsledky prezidentských voleb. Teď jen nevím, jestli je to ještě výsledkem setrvačnosti z loňských voleb vzhledem k tomu, že nejaktivnější senátoři jsou ti, kteří v přímé volbě prohráli, anebo už jde o přípravu na volby další.",https://www.psp.cz/eknih/cdrom/2017ps/eknih/2017ps/poslanci/i6487.jpg,,,,,,,,ok,
Marek,Novák,ANO,NE,"Návrh Senátu nepodpořím. Žalobu považuji spíše za politický než racionální akt, i vzhledem k délce rozhodování soudu.",https://www.psp.cz/eknih/cdrom/2017ps/eknih/2017ps/poslanci/i6533.jpg,,,,,,,,ok,
Monika,Oborná,ANO,,,https://www.psp.cz/eknih/cdrom/2017ps/eknih/2017ps/poslanci/i6475.jpg,,,,,,,,,
Ladislav,Okleštěk,ANO,NE,"Ústavní žalobu na prezidenta určitě nepodpořím. Miloš Zeman je osobnost, má svůj styl, některé jeho kroky mohou být pro někoho kontroverzní, ale podávat ústavní žalobu je nepřiměřená reakce, kterou se chtějí určití opoziční politici zviditelnit a získat politické body u svých příznivců.",https://www.psp.cz/eknih/cdrom/2017ps/eknih/2017ps/poslanci/i6172.jpg,,,,,,,,ok,
Zuzana,Ožanová,ANO,,,https://www.psp.cz/eknih/cdrom/2017ps/eknih/2017ps/poslanci/i6474.jpg,,,,,,,,,
Jana,Pastuchová,ANO,,,https://www.psp.cz/eknih/cdrom/2017ps/eknih/2017ps/poslanci/i6225.jpg,,,,,,,,,
František,Petrtýl,ANO,,,http://www.psp.cz/eknih/cdrom/2017ps/eknih/2017ps/poslanci/i6409.jpg,,,,,,,,,
Pavel,Plzák,ANO,NE,Ne. Nevidím k žalobě důvod. Je okurková sezona a někdo se potřebuje zviditelnit.,http://www.psp.cz/eknih/cdrom/2017ps/eknih/2017ps/poslanci/i6171.jpg,,,,,,,,ok,
Milan,Pour,ANO,NE,"Návrh na ústavní žalobu prezidenta spíše nepodpořím. Nejsem ještě zcela rozhodnutý, neboť jsem ještě neměl možnost si tento návrh přečíst. Je totiž otázkou, jestli je návrh pouze gestem, nebo má právní oporu.",http://www.psp.cz/eknih/cdrom/2017ps/eknih/2017ps/poslanci/i6539.jpg,,,,,,,,ok,
David,Pražák,ANO,,,http://www.psp.cz/eknih/cdrom/2017ps/eknih/2017ps/poslanci/i6527.jpg,,,,,,,,,
Věra,Procházková,ANO,NE,"Nepodpořím. Věřím právnímu názoru, který říká, že to nic neřeší.",http://www.psp.cz/eknih/cdrom/2017ps/eknih/2017ps/poslanci/i6472.jpg,,,,,,,,ok,
Pavel,Pustějovský,ANO,NEVÍM,"Jsem přesvědčen, že se každý člověk v této zemi musí řídit platnými zákony. A že se pan prezident zachová tak, jak mu ukládá zákon.",http://www.psp.cz/eknih/cdrom/2017ps/eknih/2017ps/poslanci/i6525.jpg,,,,,,,,ok,
Karel,Rais,ANO,,,http://www.psp.cz/eknih/cdrom/2017ps/eknih/2017ps/poslanci/i6158.jpg,,,,,,,,,
Michal,Ratiborský,ANO,NE,Určitě nepodpořím. Podle mě je žaloba nesmyslná.,http://www.psp.cz/eknih/cdrom/2017ps/eknih/2017ps/poslanci/i6523.jpg,,,,,,,,,
Jan,Richter,ANO,,,http://www.psp.cz/eknih/cdrom/2017ps/eknih/2017ps/poslanci/i6500.jpg,,,,,,,,,
Miloslava,Rutová,ANO,,,http://www.psp.cz/eknih/cdrom/2017ps/eknih/2017ps/poslanci/i6379.jpg,,,,,,,,,
Pavel,Růžička,ANO,NE,Jako poslanec ruku pro ústavní žalobu na prezidenta nezvednu. Senátory v čele s Láskou považuji za jedinečné hlupáky.,http://www.psp.cz/eknih/cdrom/2017ps/eknih/2017ps/poslanci/i6520.jpg,,,,,,,,ok,
Jan,Řehounek,ANO,NE,"K ústavní žalobě se jako poslanec nepřipojím. Pročítal jsem si těch osm důvodů, proč to senátoři (hlasující pro) chtějí. Žádný z nich nepovažuji za tolik závažný, abych tento krok podpořil.",http://www.psp.cz/eknih/cdrom/2017ps/eknih/2017ps/poslanci/i6519.jpg,,,,,,,,ok,
Petr,Sadovský,ANO,NE,Pravděpodobně nepodpořím.,http://www.psp.cz/eknih/cdrom/2017ps/eknih/2017ps/poslanci/i6518.jpg,,,,,,,,ok,
Jan,Schiller,ANO,NE,"Žalobu na prezidenta, kterou si Senát schválil, nepodpořím. Dle mého názoru je založená na dojmech a pocitech bez pevného základu. Řeší dokonce i první volební období pana prezidenta. Vnímám ji pouze jako politické gesto, a z těchto důvodů i nepodpořím.",http://www.psp.cz/eknih/cdrom/2017ps/eknih/2017ps/poslanci/i6517.jpg,,,,,,,,ok,
Pavel,Staněk,ANO,,,http://www.psp.cz/eknih/cdrom/2017ps/eknih/2017ps/poslanci/i6501.jpg,,,,,,,,,
Jiří,Strýček,ANO,,,http://www.psp.cz/eknih/cdrom/2017ps/eknih/2017ps/poslanci/i6515.jpg,,,,,,,,,
Karla,Šlechtová,ANO,,,http://www.psp.cz/eknih/cdrom/2017ps/eknih/2017ps/poslanci/i6287.jpg,,,,,,,,,
Julius,Špičák,ANO,NEVÍM,"Není mým zvykem vyjadřovat se k materiálům, které jsem neměl možnost přečíst. ",http://www.psp.cz/eknih/cdrom/2017ps/eknih/2017ps/poslanci/i6505.jpg,,,,,,,,ok,
David,Štolpa,ANO,NE,Ústavní žalobu nepodpořím. Považuji to za velmi nevhodně zvolený nástroj politického boje.,http://www.psp.cz/eknih/cdrom/2017ps/eknih/2017ps/poslanci/i6484.jpg,,,,,,,,,
Karel,Tureček,ANO,,,http://www.psp.cz/eknih/cdrom/2017ps/eknih/2017ps/poslanci/i6240.jpg,,,,,,,,,
Helena,Válková,ANO,,,http://www.psp.cz/eknih/cdrom/2017ps/eknih/2017ps/poslanci/i6168.jpg,,,,,,,,,
Petr,Venhoda,ANO,,,http://www.psp.cz/eknih/cdrom/2017ps/eknih/2017ps/poslanci/i6587.jpg,,,,,,,,,
Adam,Vojtěch,za ANO,,,http://www.psp.cz/eknih/cdrom/2017ps/eknih/2017ps/poslanci/i6491.jpg,,,,,,,,,
Jan,Volný,ANO,,,http://www.psp.cz/eknih/cdrom/2017ps/eknih/2017ps/poslanci/i6166.jpg,,,,,,,,,
Radek,Vondráček,ANO,,,http://www.psp.cz/eknih/cdrom/2017ps/eknih/2017ps/poslanci/i6165.jpg,,,,,,,,,
Ivo,Vondrák,ANO,NEVÍM,"Jsem na dovolené, takže nemám přístup ke všem informacím. Rozhodnu se, až budu mít k dispozici všechny podklady.",http://www.psp.cz/eknih/cdrom/2017ps/eknih/2017ps/poslanci/i6492.jpg,,,,,,,,ok,
Petr,Vrána,ANO,NE,"Text ústavní žaloby neznám. Proto, zatím jen na základě dostupných informací z médií, mohu uvést, že ústavní žalobu nepodpořím. Ale ještě to budeme probírat na našem klubu.",http://www.psp.cz/eknih/cdrom/2017ps/eknih/2017ps/poslanci/i6490.jpg,,,,,,,,ok,
Rostislav,Vyzula,ANO,NEVÍM,"Ano, přemýšlím o tom. Mám na to ještě pár dní dovolené.",http://www.psp.cz/eknih/cdrom/2017ps/eknih/2017ps/poslanci/i6161.jpg,,,,,,,,ok,
Radek,Zlesák,ANO,,,http://www.psp.cz/eknih/cdrom/2017ps/eknih/2017ps/poslanci/i6480.jpg,,,,,,,,,
Ivan ,Adamec,ODS,,,http://www.psp.cz/eknih/cdrom/2017ps/eknih/2017ps/poslanci/i5700.jpg,,,,,,,,,
Jan ,Bauer,ODS,ANO,"Ano, podpořím.",http://www.psp.cz/eknih/cdrom/2017ps/eknih/2017ps/poslanci/i5379.jpg,,,,,,,,ok,
Martin ,Baxa,ODS,ANO,"Počítám s tím, že s největší pravděpodobností návrh ústavní žaloby podpořím s tím, že další postup určí poslanecký klub.",http://www.psp.cz/eknih/cdrom/2017ps/eknih/2017ps/poslanci/i6435.jpg,,,,,,,,"ok, otázkou, zda nedat pryč tu ""dovolenou""",ok
Petr ,Beitl,ODS,NEVÍM,"Ještě si počkám na rozpravu v našem klubu, ale pravděpodobně návrh podpořím.",http://www.psp.cz/eknih/cdrom/2017ps/eknih/2017ps/poslanci/i6436.jpg,,,,,,,,ok,
Marek ,Benda,ODS,,,http://www.psp.cz/eknih/cdrom/2017ps/eknih/2017ps/poslanci/i4.jpg,,,,,,,,,
Petr ,Bendl,ODS,NEVÍM,"Poslanecký klub o tom bude určitě jednat. Po něm bude jistě tisková konference, na které se vše dozvíte. Já znění schválené žaloby ještě ani nemám k dispozici.",http://www.psp.cz/eknih/cdrom/2017ps/eknih/2017ps/poslanci/i346.jpg,,,,,,,,ok,
Stanislav ,Blaha,ODS,ANO,"Návrh ústavní žaloby s největší pravděpodobností podpořím. Prezident dlouhodobě nepřistupuje k Ústavě tak, jak by měl – vykládá si ji podle své aktuální potřeby. O záležitosti ještě budeme jednat na poslaneckém klubu.",http://www.psp.cz/eknih/cdrom/2017ps/eknih/2017ps/poslanci/i6438.jpg,,,,,,,,ok,
Pavel ,Blažek,ODS,,,http://www.psp.cz/eknih/cdrom/2017ps/eknih/2017ps/poslanci/i6079.jpg,,,,,,,,,
Jana ,Černochová,ODS,NEVÍM,Mám dnes a zítra dovolenou.,http://www.psp.cz/eknih/cdrom/2017ps/eknih/2017ps/poslanci/i5903.jpg,,,,,,,,ok,
Petr ,Fiala,ODS,ANO,Velmi pravděpodobně návrh ústavní žaloby podpořím. O dalším postupu se poradíme na jednání poslaneckého klubu.,http://www.psp.cz/eknih/cdrom/2017ps/eknih/2017ps/poslanci/i6074.jpg,,,,,,,,ok,
Jakub ,Janda,ODS,,,http://www.psp.cz/eknih/cdrom/2017ps/eknih/2017ps/poslanci/i6459.jpg,,,,,,,,,
Karel ,Krejza,ODS,ANO,"V tuto chvíli se kloním k názoru, že žalobu podpořím.",http://www.psp.cz/eknih/cdrom/2017ps/eknih/2017ps/poslanci/i6510.jpg,,,,,,,,ok,
Martin ,"Čerpám dovolenou, takže jsem ještě neměl možnost seznámit se s textem žaloby. Nejdřív se na ni chci podívat a určitě o ní budeme diskutovat na klubu, než dáme nějaké vyjádření. Obecně: pan prezident často jde na hranu a možná i za hranu Ústavy. Myslím si, že pro mě bude snazší návrh podpořit než nepodpořit, ale nejprve se potřebuju seznámit s textem.",ODS,ANO,Ústavní žalobu – zejména s ohledem na poslední vyjádření Miloše Zemana k řešení aktuální vládní krize a jmenování nového ministra kultury – podpořím. Budeme se o tom bavit i na nejbližším jednání poslaneckého klubu.,http://www.psp.cz/eknih/cdrom/2017ps/eknih/2017ps/poslanci/i6538.jpg,,,,,,,,ok,
Jaroslav ,Martinů,ODS,NEVÍM,"Já v tuto chvíli nejsem rozhodnutý. Záleží, jak proběhne debata na poslaneckém klubu, poté se rozhodnu.",http://www.psp.cz/eknih/cdrom/2017ps/eknih/2017ps/poslanci/i5945.jpg,,,,,,,,ok,
Ilona ,Mauritzová,ODS,,,http://www.psp.cz/eknih/cdrom/2017ps/eknih/2017ps/poslanci/i6470.jpg,,,,,,,,,
Vojtěch ,Munzar,ODS,,,http://www.psp.cz/eknih/cdrom/2017ps/eknih/2017ps/poslanci/i6486.jpg,,,,,,,,,
Miroslava ,Němcová,ODS,ANO,Podpořím.,http://www.psp.cz/eknih/cdrom/2017ps/eknih/2017ps/poslanci/i401.jpg,,,,,,,,ok,
Jan ,Skopeček,ODS,NEVÍM,"Zatím vám neodpovím. Preferovaný vnitřní postoj mám, ale než ho sdělím veřejně, chci si přečíst celý text ústavní žaloby a projít si schůzí poslaneckého klubu. Poté řeknu, jak se k žalobě postavím.",http://www.psp.cz/eknih/cdrom/2017ps/eknih/2017ps/poslanci/i6418.jpg,,,,,,,,ok,
Zbyněk ,Stanjura,ODS,,,http://www.psp.cz/eknih/cdrom/2017ps/eknih/2017ps/poslanci/i5969.jpg,,,,,,,,,
Bohuslav ,Svoboda,ODS,ANO,Tato otázka projde jednáním klubu ODS a já budu pro schválení žaloby.,http://www.psp.cz/eknih/cdrom/2017ps/eknih/2017ps/poslanci/i6007.jpg,,,,,,,,ok,
Jiří ,Ventruba,ODS,,,http://www.psp.cz/eknih/cdrom/2017ps/eknih/2017ps/poslanci/i6493.jpg,,,,,,,,,
Jan ,Zahradník,ODS,NEVÍM,"Sdílím stanovisko předsedy Fialy a nebudu se k tomu vyjadřovat předtím, než to probereme na poslaneckém klubu.",http://www.psp.cz/eknih/cdrom/2017ps/eknih/2017ps/poslanci/i5844.jpg,,,,,,,,ok,
Pavel ,Žáček,ODS,ANO,"Ano, rozhodně. Porušování Ústavy prezidentem Zemanem a jeho snaha o likvidaci demokratického systému vlády v České republice je nepřijatelná. A pokud trestně stíhaný premiér Babiš, totálně závislý na prezidentské milosti, nekoná, je to na Poslanecké sněmovně, respektive jednotlivých poslancích. Bude to o tom, zda dodržíme náš poslanecký slib, či nikoliv.",http://www.psp.cz/eknih/cdrom/2017ps/eknih/2017ps/poslanci/i5226.jpg,,,,,,,,ok,
Dana ,Balcarová,Piráti,,,http://www.psp.cz/eknih/cdrom/2017ps/eknih/2017ps/poslanci/i6429.jpg,,,,,,,,,
Lukáš ,Bartoň,Piráti,,,http://www.psp.cz/eknih/cdrom/2017ps/eknih/2017ps/poslanci/i6432.jpg,,,,,,,,,
Ivan ,Bartoš,Piráti,NEVÍM,Prosím dotaz na Olgu Rychterovou či Jakuba Michálka. Do neděle jsem pryč.,http://www.psp.cz/eknih/cdrom/2017ps/eknih/2017ps/poslanci/i6433.jpg,,,,,,,,"ok, zvláštní odpověď",nereagoval pak uz na zadost o poradnou odpoved
Lukáš ,Černohorský,Piráti,ANO,"Přiznám se, že jsem ještě nečetl text žaloby. Počkám si, jak vypadá. Pokud tam budou správně nadefinované skutky, žalobu pravděpodobně podpořím.",http://www.psp.cz/eknih/cdrom/2017ps/eknih/2017ps/poslanci/i6442.jpg,,,,,,,,ok,
František ,Elfmark,Piráti,ANO,"Nejsem ještě seznámen s celým materiálem, ale přepokládám, že návrh Senátu podpořím. Důvody popsali předkladatelé – senátoři Láska a Goláň – dost podrobně již v médiích. Já se s nimi ztotožňuji.",http://www.psp.cz/eknih/cdrom/2017ps/eknih/2017ps/poslanci/i6446.jpg,,,,,,,,ok,
Mikuláš ,Ferjenčík,Piráti,NEVÍM,"Nejprve se seznámím s usnesením Senátu, následně to projednáme na klubu a potom se finálně rozhodnu.",http://www.psp.cz/eknih/cdrom/2017ps/eknih/2017ps/poslanci/i6450.jpg,,,,,,,,ok,
Radek,Holomčík,Piráti,NEVÍM,"Budeme věc teprve projednávat na klubu, po hlubší analýze obsahu žaloby.",http://www.psp.cz/eknih/cdrom/2017ps/eknih/2017ps/poslanci/i6454.jpg,,,,,,,,ok,
Martin ,Jiránek,Piráti,NEVÍM,"Omlouvám se, ale jsem na dovolené. Každopádně jsem se seznámil se stanoviskem předsedy našeho klubu a jsem stejného názoru.",http://www.psp.cz/eknih/cdrom/2017ps/eknih/2017ps/poslanci/i6462.jpg,,,,,,,,"ok, ale jaké je stanovisko klubu?","jeste jsem mu napsala, ale nereaguje, reakci bartose nebo klubu najít nemuzu"
Lukáš ,Kolářík,Piráti,NEVÍM,"Čerpám dovolenou, takže jsem ještě neměl možnost seznámit se s textem žaloby. Nejdřív se na ni chci podívat a určitě o ní budeme diskutovat na klubu, než dáme nějaké vyjádření. Obecně: pan prezident často jde na hranu a možná i za hranu Ústavy. Myslím si, že pro mě bude snazší návrh podpořit, než nepodpořit, ale nejprve se potřebuju seznámit s textem.",http://www.psp.cz/eknih/cdrom/2017ps/eknih/2017ps/poslanci/i6507.jpg,,,,,,,,ok,
František ,Kopřiva,Piráti,NEVÍM,"Rozhodnu se, až se seznámím s usnesením Senátu. Určitě to probereme na nejbližším zasedání pirátského klubu. Každopádně, vzhledem k jednání prezidenta, vnímám tuto iniciativu jako relevantní a neberu ji na lehkou váhu.",http://www.psp.cz/eknih/cdrom/2017ps/eknih/2017ps/poslanci/i6499.jpg,,,,,,,,ok,
Lenka ,Kozlová,Piráti,,,http://www.psp.cz/eknih/cdrom/2017ps/eknih/2017ps/poslanci/i6465.jpg,,,,,,,,,
Jan,Lipavský,Piráti,NEVÍM,"Text teprve studuji. Otázkou se budeme zabývat na poslaneckém klubu, do té doby nechci dávat stanovisko. Chceme jako klub postupovat v této citlivé záležitosti jednotně. Senátory za jejich aktivitu chválím a oceňuji, že hlídají ústavní pořádek.",http://www.psp.cz/eknih/cdrom/2017ps/eknih/2017ps/poslanci/i6537.jpg,,,,,,,,ok,
Tomáš ,Martínek,Piráti,ANO,"Nejsem ještě s materiálem podrobně seznámen. Pokud ovšem bude zřetelně definovat dané skutky, předpokládám, že žalobu podpořím. I když si vážím úřadu prezidenta, je zde zásadní otázka udržení právního státu směřujícího k moderní liberální demokracii západního typu, která nám zajistí svobodu i prosperitu.",http://www.psp.cz/eknih/cdrom/2017ps/eknih/2017ps/poslanci/i6535.jpg,,,,,,,,ok,
Jakub ,Michálek,Piráti,NEVÍM,"Ústavní kroky pana prezidenta Zemana jsou často na hraně či za hranou Ústavy, proto je nutné to brát vážně. O našem stanovisku bude rozhodovat poslanecký klub po důkladném seznámení se s unesením Senátu. Obecně se domnívám, že je třeba řešit reálné věci pro občany a tomu by měli pomáhat všichni ústavní činitelé, nikoliv ústavní procedury torpédovat a vyvolávat politické krize.",http://www.psp.cz/eknih/cdrom/2017ps/eknih/2017ps/poslanci/i6477.jpg,,,,,,,,ok,
František ,Navrkal,Piráti,,,http://www.psp.cz/eknih/cdrom/2017ps/eknih/2017ps/poslanci/i6624.jpg,,,,,,,,,
Vojtěch,Pikal,Piráti,NEVÍM,"Do vaší uzávěrky si nestihnu věc natolik prostudovat, abych mohl dát stanovisko, jak budu v tomto závažném ústavním kroku postupovat.",http://www.psp.cz/eknih/cdrom/2017ps/eknih/2017ps/poslanci/i6531.jpg,,,,,,,,"ok - formulace ""do dnešních 11 hodin""",
Ondřej,Polanský,Piráti,NEVÍM,"O věci budeme jednat na nejbližší schůzi klubu, kde se i seznámíme s textem. Teprve poté padne nějaké stanovisko, nicméně tipnul bych si, že žalobu podpoříme. Já osobně se rozhodnu také až podle jejího znění.",http://www.psp.cz/eknih/cdrom/2017ps/eknih/2017ps/poslanci/i6529.jpg,,,,,,,,ok,
Jan,Pošvář,Piráti,ANO,"Spíše jej podpořím, ale ještě jsem neměl možnost se podrobně seznámit s textem žaloby.",http://www.psp.cz/eknih/cdrom/2017ps/eknih/2017ps/poslanci/i6528.jpg,,,,,,,,ok,
Ondřej ,Profant,Piráti,ANO,Velmi pravděpodobně ano.,http://www.psp.cz/eknih/cdrom/2017ps/eknih/2017ps/poslanci/i6526.jpg,,,,,,,,ok,
Olga ,Richterová,Piráti,NEVÍM,"Stanovisko Senátu beru velmi vážně, ovšem projednáme to nejdřív na klubu.",http://www.psp.cz/eknih/cdrom/2017ps/eknih/2017ps/poslanci/i6473.jpg,,,,,,,,ok,
Petr ,Třešňák,Piráti,NEVÍM,Nejprve se s textem ústavní žaloby detailně seznámím a posléze ji projednáme na poslaneckém klubu.,http://www.psp.cz/eknih/cdrom/2017ps/eknih/2017ps/poslanci/i6483.jpg,,,,,,,,ok,
Tomáš ,Vymazal,Piráti,NEVÍM,"Kroky pana prezidenta v posledních dvou letech pozorně sleduji. Stejně pozorně se hodlám seznámit i s usnesením Senátu, než budeme o podpoře žaloby hlasovat na jednání našeho poslaneckého klubu.",http://www.psp.cz/eknih/cdrom/2017ps/eknih/2017ps/poslanci/i6489.jpg,,,,,,,,ok,
Jiří,Běhounek,ČSSD,NE,"Protože mám dovolenou a nečetl jsem onen materiál, mohu jen konstatovat, že autoři i způsob se mi nejeví důvěryhodnými a moje podpora je tudíž nulová.",http://www.psp.cz/eknih/cdrom/2017ps/eknih/2017ps/poslanci/i6002.jpg,,,,,,,,ok,
Jan,Birke,ČSSD,NE,Ne.,http://www.psp.cz/eknih/cdrom/2017ps/eknih/2017ps/poslanci/i6182.jpg,,,,,,,,ok,
Petr,Dolínek,ČSSD,NE,"Chápu to zoufalství, proč to senátoři udělali. Je to nejsilnější kalibr, který můžete použít. Jsem zastánce toho, že by měly být schváleny obě žaloby. Kdyby to byla ta jednotaktová žaloba (týkající se pouze odvolání ministra kultury Staňka – pozn. red.), já bych byl určitě pro. To znamená, že prezident musí mít jasné mantinely od Ústavního soudu, aby věděl, že má ihned konat, když mu premiér předloží návrh na změnu ve vládě. Tato široká žaloba není něco, co jsem ale schopen v tuto chvíli schválit. ",http://www.psp.cz/eknih/cdrom/2017ps/eknih/2017ps/poslanci/i6444.jpg,,,,,,,,co je jednotaktová žaloba?,doplněna poznámka
Jaroslav,Foldyna,ČSSD,NE,Ne. Žaloba je vágní pokus prostřednictvím soudu zvrátit výsledek demokratických voleb.,http://www.psp.cz/eknih/cdrom/2017ps/eknih/2017ps/poslanci/i5911.jpg,,,,,,,,ok,
Alena,Gajdůšková,ČSSD,ANO,"Pokud jde o nekonání ve věci výměny ministra, tak samozřejmě je ten krok odpovídající a ztotožňuji se s ním.",http://www.psp.cz/eknih/cdrom/2017ps/eknih/2017ps/poslanci/i5703.jpg,,,,,,,,ok,
Jan,Hamáček,ČSSD,,,http://www.psp.cz/eknih/cdrom/2017ps/eknih/2017ps/poslanci/i5462.jpg,,,,,,,,,
Tomáš,Hanzel,ČSSD,,,http://www.psp.cz/eknih/cdrom/2017ps/eknih/2017ps/poslanci/i6452.jpg,,,,,,,,,
Jan,Chvojka,ČSSD,,,http://www.psp.cz/eknih/cdrom/2017ps/eknih/2017ps/poslanci/i5926.jpg,,,,,,,,,
Roman,Onderka,ČSSD,,,http://www.psp.cz/eknih/cdrom/2017ps/eknih/2017ps/poslanci/i6532.jpg,,,,,,,,,
Roman,Sklenák,ČSSD,NEVÍM,Ještě nevím. Rozhodnu se podle aktuální situace v době projednávání návrhu ve sněmovně.,http://www.psp.cz/eknih/cdrom/2017ps/eknih/2017ps/poslanci/i5965.jpg,,,,,,,,ok,
Antonín,Staněk,ČSSD,,,http://www.psp.cz/eknih/cdrom/2017ps/eknih/2017ps/poslanci/i6516.jpg,,,,,,,,,
Kateřina,Valachová,ČSSD,,,http://www.psp.cz/eknih/cdrom/2017ps/eknih/2017ps/poslanci/i6337.jpg,,,,,,,,,
Ondřej,Veselý,ČSSD,NEVÍM,"Žalobu jsem dosud neviděl. Pokud mám něco podpořit, tak to chci vidět.",http://www.psp.cz/eknih/cdrom/2017ps/eknih/2017ps/poslanci/i6494.jpg,,,,,,,,,
Václav,Votava,ČSSD,NEVÍM,"Zatím bych to nechal bez komentáře. Rozhodnu se podle svého nejlepšího vědomí a svědomí až při projednávání ve sněmovně. To, že ne vždy jedná pan prezident v souladu s Ústavou, je evidentní.",http://www.psp.cz/eknih/cdrom/2017ps/eknih/2017ps/poslanci/i5272.jpg,,,,,,,,ok,
Lubomír,Zaorálek,ČSSD,,,http://www.psp.cz/eknih/cdrom/2017ps/eknih/2017ps/poslanci/i252.jpg,,,,,,,,,
Hana,Aulická Jírovcová,KSČM,NE,"Rozhodně se nebudu snižovat na úroveň senátorů, kteří hlasovali pro. Jejich pojetí demokracie a ústavnosti v České republice nemá nic společného se zájmy našich občanů. Bohužel jde především o osobní zájmy několika členů horní komory. Nikdy bych pro tento paskvil nezvedla ruku.",http://www.psp.cz/eknih/cdrom/2017ps/eknih/2017ps/poslanci/i6149.jpg,,,,,,,,ok,
Alexander,Černý,KSČM,,,http://www.psp.cz/eknih/cdrom/2017ps/eknih/2017ps/poslanci/i5307.jpg,,,,,,,,,
Jiří,Dolejš,KSČM,NE,"I když s mnohým, co prezident dělá, je problém souhlasit, ústavní žalobou se to nevyřeší. Rozlišujme politické různice a ústavnost. Protože ústavní žaloby užívat k politice nemám za rozumné, návrh nepodpořím. Odhaduji, že v dolní komoře návrh nenajde většinovou podporu a tím to skončí.",http://www.psp.cz/eknih/cdrom/2017ps/eknih/2017ps/poslanci/i5261.jpg,,,,,,,,ok,
Vojtěch,Filip,KSČM,NE,"Po seznámení s textem jsem přímo přesvědčený, že takový právní paskvil nelze podpořit.",http://www.psp.cz/eknih/cdrom/2017ps/eknih/2017ps/poslanci/i303.jpg,,,,,,,,ok,
Miroslav,Grebeníček,KSČM,,,http://www.psp.cz/eknih/cdrom/2017ps/eknih/2017ps/poslanci/i305.jpg,,,,,,,,,
Stanislav,Grospič,KSČM,NE,"Bude záležet na projednání v poslaneckém klubu. Sám za sebe bych žalobu nepodpořil a domnívám se, že i z právně-ústavního hlediska je velice špatně sestavena. Spíš navozuje dojem politického deklaratorního textu. Tedy nepodpořím.",http://www.psp.cz/eknih/cdrom/2017ps/eknih/2017ps/poslanci/i4778.jpg,,,,,,,,ok,
Pavel,Kováčik,KSČM,NE,"Nemyslím si, že by pan prezident nějakým způsobem Ústavu obcházel nebo překračoval. To, že mu jeho rozhodnutí trvá déle, že je uvážlivější ve svém rozhodnutích, to mu slouží spíš ke cti. Co se týká oněch pochybností, no tak i předchozí prezidenti rozhodovali v podobných případech v řádu měsíců. Nevšiml jsem si, že by si dnešní sepisovači ústavních žalob na pana prezidenta Zemana předtím stěžovali na pana prezidenta Klause nebo Havla.",http://www.psp.cz/eknih/cdrom/2017ps/eknih/2017ps/poslanci/i309.jpg,,,,,,,,ok,
Leo,Luzar,KSČM,NE,"Ne, nepodpořím.",http://www.psp.cz/eknih/cdrom/2017ps/eknih/2017ps/poslanci/i6279.jpg,,,,,,,,ok,
Květa,Matušovská,KSČM,NE,Rozhodně nebudu hlasovat pro. Bohužel jde především o osobní zájmy několika členů horní komory.,http://www.psp.cz/eknih/cdrom/2017ps/eknih/2017ps/poslanci/i5938.jpg,,,,,,,,,
Zdeněk,Ondráček,KSČM,NEVÍM,"Já ani nevím, že nějaká žaloba je. Jsem s dětmi na táboře a politika mě nezajímá.",http://www.psp.cz/eknih/cdrom/2017ps/eknih/2017ps/poslanci/i6224.jpg,,,,,,,,ok,
Daniel,Pawlas,KSČM,NE,Nepodpořím návrh Senátu.,http://www.psp.cz/eknih/cdrom/2017ps/eknih/2017ps/poslanci/i6485.jpg,,,,,,,,,
Marie,Pěnčíková,KSČM,,,http://www.psp.cz/eknih/cdrom/2017ps/eknih/2017ps/poslanci/i6228.jpg,,,,,,,,,
Ivo,Pojezný,KSČM,,,http://www.psp.cz/eknih/cdrom/2017ps/eknih/2017ps/poslanci/i6233.jpg,,,,,,,,,
Jiří,Valenta,KSČM,NE,"Zcela jistě tento návrh nepodpořím, neboť jej pokládám za zbytečný a kverulantský výlev od lidí, jejichž názorový proud volebně a zcela demokraticky v této zemi prohrál. A oni nyní chtějí – jen ze zášti, z neskousnuté porážky – prostě jen kalit vodu.",http://www.psp.cz/eknih/cdrom/2017ps/eknih/2017ps/poslanci/i6169.jpg,,,,,,,,ok,
Miloslava,Vostrá,KSČM,,,http://www.psp.cz/eknih/cdrom/2017ps/eknih/2017ps/poslanci/i5268.jpg,,,,,,,,,
Jan,Bartošek,KDU-ČSL,ANO,"Vzhledem k tomu, že naši senátoři tuto žalobu podpořili, předpokládám, že naši poslanci budou hlasovat pro. Je to předpoklad, ještě to probereme na klubu, ale podle mě to poslanecký klub KDU-ČSL podpoří. Já sám tuto žalobu podpořím, považuji ji za správnou.",http://www.psp.cz/eknih/cdrom/2017ps/eknih/2017ps/poslanci/i6178.jpg,,,,,,,,ok,
Pavel,Bělobrádek,KDU-ČSL,ANO,Samozřejmě že ano. Ani prezident si z Ústavy nemá dělat podložku pod nohu u stolu.,http://www.psp.cz/eknih/cdrom/2017ps/eknih/2017ps/poslanci/i6138.jpg,,,,,,,,ok,
Ondřej,Benešík,KDU-ČSL,ANO,"Neznám zatím podrobnosti, ale žalobu bych s největší pravděpodobností podpořil. Jednání prezidenta republiky je podle mě částí na hraně, nebo dokonce za hranou ústavnosti. O tom, jestli to tak opravdu je, může rozhodnout pouze soud.",http://www.psp.cz/eknih/cdrom/2017ps/eknih/2017ps/poslanci/i6179.jpg,,,,,,,,ok,
Jan,Čižinský,KDU-ČSL,ANO,"Ústavní žalobu podpořím. Každý musí Ústavu respektovat. Prezident má jít příkladem, a ne na Ústavu zvysoka kašlat.",http://www.psp.cz/eknih/cdrom/2017ps/eknih/2017ps/poslanci/i6443.jpg,,,,,,,,ok,
Pavla,Golasowská,KDU-ČSL,ANO,Podpořím.,http://www.psp.cz/eknih/cdrom/2017ps/eknih/2017ps/poslanci/i6292.jpg,,,,,,,,ok,
Stanislav,Juránek,KDU-ČSL,,,http://www.psp.cz/eknih/cdrom/2017ps/eknih/2017ps/poslanci/i5847.jpg,,,,,,,,,
Marian,Jurečka,KDU-ČSL,ANO,"Ano, mám v plánu ji podpořit, protože si myslím, že tu důvody jsou opravdu vážné.",http://www.psp.cz/eknih/cdrom/2017ps/eknih/2017ps/poslanci/i6205.jpg,,,,,,,,ok,
Vít,Kaňkovský,KDU-ČSL,ANO,"Návrh na ústavní žalobu při hlasování podpořím. Důvodem je fakt, že pan prezident Zeman se bohužel dlouhodobě pohybuje na hraně či za hranicí Ústavy, což v poslední době dokazuje například otálení kolem odvolání ministra Staňka.",http://www.psp.cz/eknih/cdrom/2017ps/eknih/2017ps/poslanci/i6207.jpg,,,,,,,,ok,
Jiří,Mihola,KDU-ČSL,NEVÍM,"Takhle uprostřed léta jsme to s klubem neřešili, takže počkám, až zasedne klub. Takhle od pasu střílet nebudu.",http://www.psp.cz/eknih/cdrom/2017ps/eknih/2017ps/poslanci/i6222.jpg,,,,,,,,ok,
Marek,Výborný,KDU-ČSL,ANO,"Ano, podpořím. Ač jsem velmi obezřetný k těmto ústavním krokům, poslední vývoj kolem kauzy Staněk jasně potvrdil, že prezident bezprecedentně porušuje Ústavu.",http://www.psp.cz/eknih/cdrom/2017ps/eknih/2017ps/poslanci/i6513.jpg,,,,,,,,ok,
Dominik,Feri,TOP 09,,,http://www.psp.cz/eknih/cdrom/2017ps/eknih/2017ps/poslanci/i6449.jpg,,,,,,,,,
Miroslav,Kalousek,TOP 09,ANO,Zajisté podpořím.,http://www.psp.cz/eknih/cdrom/2017ps/eknih/2017ps/poslanci/i377.jpg,,,,,,,,ok,
Helena,Langšádlová,TOP 09,ANO,"Ano, podpořím, protože prezident neplní své ústavní povinnosti.",http://www.psp.cz/eknih/cdrom/2017ps/eknih/2017ps/poslanci/i5943.jpg,,,,,,,,ok,
Markéta,Pekarová Adamová,TOP 09,ANO,"Určitě podpořím, protože ani prezident není nad zákonem, jakkoliv si to Miloš Zeman a jeho blízké okolí evidentně myslí. Jakmile jej porušuje, je nutné konat. Jinak pravidla přestávají hrát roli, a to je vždy nebezpečné.",http://www.psp.cz/eknih/cdrom/2017ps/eknih/2017ps/poslanci/i6147.jpg,,,,,,,,ok,
Karel,Schwarzenberg,TOP 09,ANO,"Já ten návrh podpořím z jednoho prostého důvodu: je to pro republiku opravdu nebezpečný stav, když nejsou jasné meze pravomoci prezidenta. To, jak koná, jasně překračuje Ústavu. Očividně v jiných zemích toto není nutné, ale u nás je třeba jasně objasnit – a k tomu je nutná ústavní žaloba, aby konečně bylo jasno. Tato nejasnost je pro naši demokracii a republiku opravdu nebezpečná.",http://www.psp.cz/eknih/cdrom/2017ps/eknih/2017ps/poslanci/i5558.jpg,,,,,,,,ok,
František,Vácha,TOP 09,ANO,"Ano, podpořím, protože zákony a Ústava mají platit pro všechny. I pro prezidenta. A tato žaloba má rozhodnout, jestli Ústavu porušuje, nebo ne.",http://www.psp.cz/eknih/cdrom/2017ps/eknih/2017ps/poslanci/i6137.jpg,,,,,,,,ok,
Vlastimil,Válek,TOP 09,ANO,"Já a myslím, že i celý klub TOP 09 žalobu podpoříme, a to z mnoha důvodů, které byly už v médiích řečeny.",http://www.psp.cz/eknih/cdrom/2017ps/eknih/2017ps/poslanci/i6482.jpg,,,,,,,,ok,
Jan,Farský,STAN,ANO,Návrh ve sněmovně podpořím.,http://www.psp.cz/eknih/cdrom/2017ps/eknih/2017ps/poslanci/i5909.jpg,,,,,,,,ok,
Petr,Gazdík,STAN,ANO,"Jsem připraven hlasovat pro žalobu. Podle mě se sice měla soustředit na úzký okruh problémů, ale přes dílčí výhrady pokládám žalobu za důležitou, protože teď jsme svědky eroze ústavního pořádku doslova v přímém přenosu. A je to jednak svéhlavostí a nedostatkem státnického nadhledu ze strany prezidenta, jednak slabostí současného premiéra. Žalobu považuji za nutnou právě proto, že prezident musí prostě respektovat dikci Ústavy.",http://www.psp.cz/eknih/cdrom/2017ps/eknih/2017ps/poslanci/i5914.jpg,,,,,,,,ok,
Věra,Kovářová,STAN,ANO,"Ano, návrh podpořím. A podpořím ho z toho důvodu, že se mi jeví jako dostatečně odůvodněný a zralý pro posouzení Ústavním soudem, který jako jediný může závazně posoudit, zda prezident Zeman nevybočil z mezí Ústavy. A dovolte mi ještě jednu poznámku: pokud si je pan prezident jistý, že k vybočení nedošlo, měl by sám váhající poslance vyzvat, aby pro vyslovení souhlasu zvedli ruku. Když se žádného protiústavního jednání nedopustil, nemá se přece čeho bát, nemyslíte?",http://www.psp.cz/eknih/cdrom/2017ps/eknih/2017ps/poslanci/i6214.jpg,,,,,,,,ok,
Jana,Krutáková,STAN,ANO,"Ano, podpořím návrh senátorů na podání ústavní žaloby na prezidenta. Jeho konání v mnohém porušuje náš ústavní pořádek, což má dopad nejen do roviny politické, ale i lidské.",http://www.psp.cz/eknih/cdrom/2017ps/eknih/2017ps/poslanci/i6466.jpg,,,,,,,,ok,
Petr,Pávek,STAN,,,http://www.psp.cz/eknih/cdrom/2017ps/eknih/2017ps/poslanci/i6541.jpg,,,,,,,,,
Vít,Rakušan,STAN,ANO,"Určitě ano. Je to jediná legitimní cesta. Současný prezident jedná podle mého názoru mimo ústavní rámec a toto je legitimní cesta, jak dojít k jasnému verdiktu. V parlamentní demokracii není možné akceptovat protiústavní kroky kteréhokoliv představitele státu. Prezident by měl jít příkladem. Toho se, bohužel, u Miloše Zemana nedočkáme.",http://www.psp.cz/eknih/cdrom/2017ps/eknih/2017ps/poslanci/i6524.jpg,,,,,,,,ok,
Marian,Bojko,Nezařaz.,NE,"Určitě návrh Senátu při hlasování ve sněmovně nepodpořím. Jsem přesvědčen, že prezident Zeman jedná v souladu s Ústavou. Jsem si naprosto jist, že to sněmovnou neprojde, jen budeme opět dlouhé hodiny poslouchat exhibici Demokratického bloku a Pirátů, místo schvalování zákonů.",http://www.psp.cz/eknih/cdrom/2017ps/eknih/2017ps/poslanci/i6440.jpg,,,,,,,,ok,
Václav,Klaus,Nezařaz.,NEVÍM,"Nebudu se k tomu vyjadřovat, jsem na dovolené.",http://www.psp.cz/eknih/cdrom/2017ps/eknih/2017ps/poslanci/i6498.jpg,,,,,,,,ok,
Zuzana,Majerová Zahradníková,Nezařaz.,,,http://www.psp.cz/eknih/cdrom/2017ps/eknih/2017ps/poslanci/i6467.jpg,,,,,,,,,
Ivana ,Nevludová,Nezařaz.,NE,"Návrh rozhodně nepodpořím. Že někteří senátoři neumí „rozdýchat“ jeho druhé vítezství v demokratických volbách, je jejich problém. Pan prezident jedná v rámci Ústavy.",http://www.psp.cz/eknih/cdrom/2017ps/eknih/2017ps/poslanci/i6478.jpg,,,,,,,,ok,
Lubomír,Volný,Nezařaz.,NE,Jakobínský pamflet nepodpořím. ,http://www.psp.cz/eknih/cdrom/2017ps/eknih/2017ps/poslanci/i6481.jpg,,,,,,,,ok,
Jaroslav ,Dvořák,SPD,,,http://www.psp.cz/eknih/cdrom/2017ps/eknih/2017ps/poslanci/i6445.jpg,,,,,,,,,
Radim ,Fiala,SPD,,,http://www.psp.cz/eknih/cdrom/2017ps/eknih/2017ps/poslanci/i5459.jpg,,,,,,,,,
Jaroslav ,Holík,SPD,,,http://www.psp.cz/eknih/cdrom/2017ps/eknih/2017ps/poslanci/i6198.jpg,,,,,,,,,
Jan ,Hrnčíř,SPD,NE,"Celá ústavní stížnost je jen ubohou akcí ke zviditelnění několika senátorů, kteří jinak nemají žádný pozitivní program pro lidi. V žádném případě takovou hloupost nepodpořím.",http://www.psp.cz/eknih/cdrom/2017ps/eknih/2017ps/poslanci/i6455.jpg,,,,,,,,ok,
Tereza ,Hyťhová,SPD,,,http://www.psp.cz/eknih/cdrom/2017ps/eknih/2017ps/poslanci/i6456.jpg,,,,,,,,,
Monika ,Jarošová,SPD,NE,"Návrh Senátu rozhodně nepodpořím. Tento prezident je z mého pohledu nejlepší, jakého jsme kdy měli. Navíc vzešel z přímé volby. Za tímto prezidentem budu vždy stát a jsem na něj pyšná. Rozhodnutí Senátu mě nepřekvapuje a je pro příště varováním pro občany, aby lépe zvážili, koho si do této instituce volí.",http://www.psp.cz/eknih/cdrom/2017ps/eknih/2017ps/poslanci/i6460.jpg,,,,,,,,ok,
Pavel ,Jelínek,SPD,NE,Návrh žaloby nepodpořím.,http://www.psp.cz/eknih/cdrom/2017ps/eknih/2017ps/poslanci/i6461.jpg,,,,,,,,ok,
Jiří ,Kobza,SPD,NE,"Návrh nepodpořím, považuji ho za nepodložený. ",http://www.psp.cz/eknih/cdrom/2017ps/eknih/2017ps/poslanci/i6503.jpg,,,,,,,,ok,
Jiří ,Kohoutek,SPD,NE,"Ve věcech, které popírají Ústavu, budu vždy hlasovat pro zamítnutí. A tak to bude i v tomto případě – ústavní právníci i zdravý rozum říkají, že prezident nemá časové omezení, kdy jmenovat ministra a možnosti diskutovat o jménech využíval i Havel a Klaus. Samozřejmě Zeman není Havel, a tak, když dělá totéž, není to pro milovníky Havla kupodivu totéž.",http://www.psp.cz/eknih/cdrom/2017ps/eknih/2017ps/poslanci/i6504.jpg,,,,,,,,ok,
Radek ,Koten,SPD,NE,"Určitě nepodpořím. Nechávám volnou ruku panu prezidentovi. Myslím, že se rozhodne dobře, jestli odvolá, nebo neodvolá. Toto je založené na tom, že nekoná, nicméně pan prezident má schůzky, s jednotlivými aktéry se schází. To je záruka toho, že koná. Nedokážu si představit, že by v parlamentních prázdninách konal ještě rychleji. A dokonce odjel z dovolené, které měl plánovanou na Vysočině. Když se někdo rozhodne odvolat ministra Staňka z toho důvodu, že odhalil tunel na ministerstvu, to mi přijde bizarní. Sociální demokracie si celkem statečně pod vedením pana Hamáčka kope svůj hrob. ",http://www.psp.cz/eknih/cdrom/2017ps/eknih/2017ps/poslanci/i6508.jpg,,,,,,,,ok,
Jana ,Levová,SPD,NEVÍM,"Obraťte se, prosím, na tiskovou mluvčí SPD. Jsem už měsíc a půl nemocná.",http://www.psp.cz/eknih/cdrom/2017ps/eknih/2017ps/poslanci/i6502.jpg,,,,,,,,ok,
Karla ,Maříková,SPD,NE,"Žalobu určitě nepodpořím, jelikož uvedené důvody nespatřuji jako protiústavní a nejsou dle mého názoru důvodem k odvolání prezidenta. Strany, které žalobu podávají, by se už měly smířit s tím, že lidé si v přímé volbě zvolili za prezidenta Miloše Zemana.",http://www.psp.cz/eknih/cdrom/2017ps/eknih/2017ps/poslanci/i6469.jpg,,,,,,,,ok,
Tomio ,Okamura,SPD,,,http://www.psp.cz/eknih/cdrom/2017ps/eknih/2017ps/poslanci/i6105.jpg,,,,,,,,,
Zdeněk ,Podal,SPD,NE,"Samozřejmě to neprojde, to je zase jenom snaha o zviditelnění některých politiků, kteří jinak mají problém se zviditelnit. Takže já v tomhle stojím za panem prezidentem, a nejen proto, že ho osobně znám a věřím mu, ale i proto, že sdílím jeho názor na tuhle situaci, že není důvod spěchat. Že ten čas, který si na to dal, určitě využije k tomu, aby celou věc promyslel. Věřím, že ten závěr bude takový, aby byli všichni spokojení. V žádném případě nepodpořím tuhle žalobu. Nemá to žádný význam.",http://www.psp.cz/eknih/cdrom/2017ps/eknih/2017ps/poslanci/i6530.jpg,,,,,,,,ok,
Miloslav ,Rozner,SPD,,,http://www.psp.cz/eknih/cdrom/2017ps/eknih/2017ps/poslanci/i6522.jpg,,,,,,,,,
Radek ,Rozvoral,SPD,,,http://www.psp.cz/eknih/cdrom/2017ps/eknih/2017ps/poslanci/i6521.jpg,,,,,,,,,
Lucie ,Šafránková,SPD,,,http://www.psp.cz/eknih/cdrom/2017ps/eknih/2017ps/poslanci/i6479.jpg,,,,,,,,,
Lubomír ,Španěl,SPD,NE,"Já bych tu ústavní žalobu nepodpořil, protože je okurková sezona. Někdo podpoří Zemana, někdo ho nepodpoří, tak já bych ho zrovna podpořil.",http://www.psp.cz/eknih/cdrom/2017ps/eknih/2017ps/poslanci/i6514.jpg,,,,,,,,ok,
Radovan ,Vích,SPD,NE,Ne.,http://www.psp.cz/eknih/cdrom/2017ps/eknih/2017ps/poslanci/i6495.jpg,,,,,,,,ok,kno pro edit: děkuju :-)